{
  "loss": 0.3544270098209381,
  "acc": 0.8718000054359436
}