{
  "loss": 0.3074411451816559,
  "acc": 0.8859000205993652
}